
<SedLookups xmlns:ns2="http://ebms.sed.org/cron/" xmlns:ns3="http://ebms.sed.org/ebox" xmlns:ns4="http://ebms.sed.org/plugin" xmlns:ns5="http://ebms.sed.org/property" xmlns:ns6="http://ebms.sed.org/user" xmlns:ns7="http://ebms.sed.org/cert" exportDate="2016-05-18T12:14:15.830+02:00">
    <SEDCronJobs>
        <ns2:SEDCronJob id="11" name="test" active="false" second="*/20" minute="*" hour="*" dayOfMonth="*" month="*" dayOfWeek="*">
            <ns2:SEDTask taskType="archive">
                <ns2:SEDTaskProperty id="12" key="archive.folder">${sed.home}/backup/</ns2:SEDTaskProperty>
                <ns2:SEDTaskProperty id="13" key="archive.chunk.size">1000</ns2:SEDTaskProperty>
                <ns2:SEDTaskProperty id="14" key="archive.delete.records"></ns2:SEDTaskProperty>
                <ns2:SEDTaskProperty id="15" key="archive.day.offset">5</ns2:SEDTaskProperty>
            </ns2:SEDTask>
        </ns2:SEDCronJob>
        <ns2:SEDCronJob id="16" name="test12" active="false" second="*/20" minute="*" hour="*" dayOfMonth="*" month="*" dayOfWeek="*">
            <ns2:SEDTask taskType="backup">
                <ns2:SEDTaskProperty id="17" key="backup.folder">${sed.home}/backup/</ns2:SEDTaskProperty>
                <ns2:SEDTaskProperty id="18" key="backup.chunk.size">1000</ns2:SEDTaskProperty>
                <ns2:SEDTaskProperty id="19" key="backup.clear.first"></ns2:SEDTaskProperty>
            </ns2:SEDTask>
        </ns2:SEDCronJob>
        <ns2:SEDCronJob id="20" name="test3" active="false" second="0" minute="0" hour="8,9,10,11,12,13,14,15" dayOfMonth="*" month="*" dayOfWeek="1-6">
            <ns2:SEDTask taskType="zpp-plugin">
                <ns2:SEDTaskProperty id="21" key="zpp.sedbox">izvrsba@sed-court.si</ns2:SEDTaskProperty>
                <ns2:SEDTaskProperty id="22" key="zpp.sign.key.alias">msh.e-box-a.si</ns2:SEDTaskProperty>
            </ns2:SEDTask>
        </ns2:SEDCronJob>
    </SEDCronJobs>
    <SEDTaskTypes>
        <ns2:SEDTaskType type="archive" name="Archive data" jndi="java:global/sed-basic-tasks/TaskArchive!si.sed.commons.interfaces.TaskExecutionInterface" description="Archive data to 'xml' and files to archive-storage">
            <ns2:SEDTaskTypeProperty id="23" key="archive.folder" description="Archive folder" mandatory="true" type="string"/>
            <ns2:SEDTaskTypeProperty id="24" key="archive.chunk.size" description="Max mail count in chunk" mandatory="true" type="int"/>
            <ns2:SEDTaskTypeProperty id="25" key="archive.delete.records" description="Delete exported records (true/false)" mandatory="true" type="boolean"/>
            <ns2:SEDTaskTypeProperty id="26" key="archive.day.offset" description="Archive records older than [n] days" mandatory="true" type="int"/>
        </ns2:SEDTaskType>
        <ns2:SEDTaskType type="backup" name="Backup data" jndi="java:global/sed-basic-tasks/TaskBackup!si.sed.commons.interfaces.TaskExecutionInterface" description="Backup data to 'xml' and files to backup-storage">
            <ns2:SEDTaskTypeProperty id="27" key="backup.folder" description="Archive folder" mandatory="true" type="string"/>
            <ns2:SEDTaskTypeProperty id="28" key="backup.chunk.size" description="Max mail count in chunk" mandatory="true" type="int"/>
            <ns2:SEDTaskTypeProperty id="29" key="backup.clear.first" description="Clear backup folder (true/false)" mandatory="true" type="boolean"/>
        </ns2:SEDTaskType>
        <ns2:SEDTaskType type="inboxreport" name="Inbox report" jndi="java:global/sed-basic-tasks/TaskEmailInboxMailReport!si.sed.commons.interfaces.TaskExecutionInterface" description="Incomings mail list from sed box">
            <ns2:SEDTaskTypeProperty id="54" key="sedbox" description="SED-BOX" mandatory="true" type="string"/>
            <ns2:SEDTaskTypeProperty id="55" key="email.to" description="Receiver email addresses, separated by comma." mandatory="true" type="string"/>
            <ns2:SEDTaskTypeProperty id="56" key="email.from" description="Sender email address." mandatory="true" type="string"/>
            <ns2:SEDTaskTypeProperty id="57" key="email.subject" description="EMail subject." mandatory="true" type="string"/>
            <ns2:SEDTaskTypeProperty id="58" key="mail.config.jndi" description="Mail config jndi(def: java:jboss/mail/Default)" mandatory="true" type="string"/>
            <ns2:SEDTaskTypeProperty id="59" key="skip.on.NoMail" description="Supress if not Mail " mandatory="true" type="boolean"/>
            <ns2:SEDTaskTypeProperty id="60" key="new.only" description="Only if new mail " mandatory="true" type="boolean"/>
            <ns2:SEDTaskTypeProperty id="61" key="mail.status" description="Status list" mandatory="true" type="list" valueList=",DELETED"/>
        </ns2:SEDTaskType>
        <ns2:SEDTaskType type="statusreport" name="Status report" jndi="java:global/sed-basic-tasks/TaskEmailStatusReport!si.sed.commons.interfaces.TaskExecutionInterface" description="Incoming outcomming mail report from sed box">
            <ns2:SEDTaskTypeProperty id="67" key="sedbox" description="SED-BOX" mandatory="true" type="string"/>
            <ns2:SEDTaskTypeProperty id="68" key="email.to" description="Receiver email addresses, separated by comma." mandatory="true" type="string"/>
            <ns2:SEDTaskTypeProperty id="69" key="email.from" description="Sender email address." mandatory="true" type="string"/>
            <ns2:SEDTaskTypeProperty id="70" key="email.subject" description="EMail subject." mandatory="true" type="string"/>
            <ns2:SEDTaskTypeProperty id="71" key="mail.config.jndi" description="Mail config jndi(def: java:jboss/mail/Default)" mandatory="true" type="string"/>
        </ns2:SEDTaskType>
        <ns2:SEDTaskType type="zpp-plugin" name="ZPP plugin" jndi="java:global/plugin-zpp/ZPPTask!si.sed.commons.interfaces.TaskExecutionInterface" description="Sign deliveryadvice for incomming mail">
            <ns2:SEDTaskTypeProperty id="74" key="zpp.sedbox" description="Receiver sedbox." mandatory="true" type="string"/>
            <ns2:SEDTaskTypeProperty id="75" key="zpp.sign.key.alias" description="Signature key alias." mandatory="true" type="string"/>
        </ns2:SEDTaskType>
    </SEDTaskTypes>
    <SEDBoxes>
        <ns3:SEDBox boxName="eINS-vpisnik@sed-court.si" activeFromDate="2016-04-20+02:00">
            <ns3:Export active="true" folder="${sed.home}/export-eins" fileMask="${Service}_${Id}"/>
        </ns3:SEDBox>
        <ns3:SEDBox boxName="izvrsba@sed-court.si" activeFromDate="2016-04-20+02:00">
            <ns3:Export active="true" exportMetaData="true" folder="${sed.home}/export-izvrsba" fileMask="${Id}_${SenderEBox}_${Service}"/>
        </ns3:SEDBox>
        <ns3:SEDBox boxName="k-vpisnik@sed-court.si" activeFromDate="2016-04-20+02:00"/>
    </SEDBoxes>
    <SEDPlugins>
        <ns4:SEDPlugin webContext="/zpp-plugin" type="LegalZPP" name="ZPP plugin" description="ZPP - e-delivery: SVEV 2.0 service implementation" jndiInInterceptor="java:global/plugin-zpp/ZPPOutInterceptor!si.sed.commons.interfaces.SoapInterceptorInterface" jndiOutInterceptor="java:global/plugin-zpp/ZPPOutInterceptor!si.sed.commons.interfaces.SoapInterceptorInterface" tasksJNDIs="java:global/plugin-zpp/ZPPTask!si.sed.commons.interfaces.TaskExecutionInterface" jndi="java:global/plugin-zpp/ZPPPluginDescription!si.sed.commons.interfaces.PluginDescriptionInterface"/>
    </SEDPlugins>
    <SEDProperties>
        <ns5:SEDProperty key="sed.domain" value="sed-domain.org" group="SED"/>
        <ns5:SEDProperty key="org.sed.pmode" value="pmode-conf.xml" group="SYSTEM"/>
    </SEDProperties>
    <SEDUsers>
        <ns6:SEDUser userId="sed" activeFromDate="2016-04-20+02:00">
            <ns3:SEDBox boxName="izvrsba@sed-court.si" activeFromDate="2016-04-20+02:00">
                <ns3:Export active="true" exportMetaData="true" folder="${sed.home}/export-izvrsba" fileMask="${Id}_${SenderEBox}_${Service}"/>
            </ns3:SEDBox>
            <ns3:SEDBox boxName="k-vpisnik@sed-court.si" activeFromDate="2016-04-20+02:00"/>
            <ns3:SEDBox boxName="eINS-vpisnik@sed-court.si" activeFromDate="2016-04-20+02:00">
                <ns3:Export active="true" folder="${sed.home}/export-eins" fileMask="${Service}_${Id}"/>
            </ns3:SEDBox>
        </ns6:SEDUser>
        <ns6:SEDUser userId="admin" activeFromDate="2016-04-20+02:00">
            <ns3:SEDBox boxName="izvrsba@sed-court.si" activeFromDate="2016-04-20+02:00">
                <ns3:Export active="true" exportMetaData="true" folder="${sed.home}/export-izvrsba" fileMask="${Id}_${SenderEBox}_${Service}"/>
            </ns3:SEDBox>
            <ns3:SEDBox boxName="k-vpisnik@sed-court.si" activeFromDate="2016-04-20+02:00"/>
            <ns3:SEDBox boxName="eINS-vpisnik@sed-court.si" activeFromDate="2016-04-20+02:00">
                <ns3:Export active="true" folder="${sed.home}/export-eins" fileMask="${Service}_${Id}"/>
            </ns3:SEDBox>
        </ns6:SEDUser>
    </SEDUsers>
    <SEDCertStores>
        <ns7:SEDCertStore id="1" filePath="${sed.home}/security/msh.e-box-a-truststore.jks" type="jks" password="test1234">
            <ns7:SEDCertificate id="2" alias="msh.e-box-b.si" issuerDN="CN=msh.e-box-b.si, OU=test, OU=msh, OU=jrc, OU=si" subjectDN="CN=msh.e-box-b.si, OU=test, OU=msh, OU=jrc, OU=si" validFrom="2016-02-29T14:55:29+01:00" validTo="2021-02-27T14:55:29+01:00" serialNumber="1048029646" type="X.509" keyEntry="false"/>
            <ns7:SEDCertificate id="3" alias="msh.e-box-a.si" issuerDN="CN=msh.e-box-a.si, OU=test, OU=msh, OU=jrc, OU=si" subjectDN="CN=msh.e-box-a.si, OU=test, OU=msh, OU=jrc, OU=si" validFrom="2016-02-29T14:55:28+01:00" validTo="2021-02-27T14:55:28+01:00" serialNumber="1725505630" type="X.509" keyEntry="false"/>
        </ns7:SEDCertStore>
        <ns7:SEDCertStore id="4" filePath="${sed.home}/security/msh.e-box-a-keystore.jks" type="jks" password="test1234">
            <ns7:SEDCertificate id="5" alias="msh.e-box-a.si" issuerDN="CN=msh.e-box-a.si, OU=test, OU=msh, OU=jrc, OU=si" subjectDN="CN=msh.e-box-a.si, OU=test, OU=msh, OU=jrc, OU=si" validFrom="2016-02-29T14:55:28+01:00" validTo="2021-02-27T14:55:28+01:00" serialNumber="1725505630" type="X.509" keyEntry="true" keyPassword="key1234"/>
        </ns7:SEDCertStore>
        <ns7:SEDCertStore id="6" filePath="${sed.home}/security/banka-koper.p12" type="pkcs12" password="test1234">
            <ns7:SEDCertificate id="7" alias="client-user" issuerDN="CN=banka-koper, OU=ebox, OU=vsrs, OU=si" subjectDN="CN=banka-koper, OU=ebox, OU=vsrs, OU=si" validFrom="2016-02-29T14:55:30+01:00" validTo="2021-02-27T14:55:30+01:00" serialNumber="1934117385" type="X.509" keyEntry="true" keyPassword="key1234"/>
        </ns7:SEDCertStore>
        <ns7:SEDCertStore id="8" filePath="${sed.home}/security/ssl-truststore.jks" type="JKS" password="sed1234">
            <ns7:SEDCertificate id="9" alias="193.41.35.99" issuerDN="CN=localhost" subjectDN="CN=localhost" validFrom="2016-02-26T10:32:12+01:00" validTo="2017-02-25T10:32:12+01:00" serialNumber="74158281" type="X.509" keyEntry="false"/>
            <ns7:SEDCertificate id="10" alias="b2g-test.sodisce.si" issuerDN="OU=sigov-ca, O=state-institutions, C=si" subjectDN="SERIALNUMBER=1236292610022 + CN=b2g-test.sodisce.si, OU=Servers, OU=web-certificates, O=state-institutions, C=si" validFrom="2012-11-05T11:06:30+01:00" validTo="2017-11-05T19:31:52+01:00" serialNumber="979270568" type="X.509" keyEntry="false"/>
        </ns7:SEDCertStore>
    </SEDCertStores>
</SedLookups>
