<PModes xmlns="http://svev.msh.org/pmode" xmlns:xsi="http://www.w3.org/2001/XMLSchema-instance" xsi:schemaLocation="http://svev.msh.org/pmode Z:\sluzba\code\SVEV2.0\ebms-sed\ebms-sed-libs\ebms-sed-commons\src\main\resources\schemas\pmode.xsd">
	<PMode id="DeliveryWithReceipt:sed-court.si:sed-bk.si" isTemplate="false">
		<Agreement>BankaKoper:VrhovnoSodisce:00001</Agreement>
		<MEP>http://docs.oasis-open.org/ebxml-msg/ebms/v3.0/ns/core/200704/oneWay</MEP>
		<MEPbinding>http://docs.oasis-open.org/ebxml-msg/ebms/v3.0/ns/core/200704/push</MEPbinding>
		<Initiator>
			<Role>si-svev:sender</Role>
		</Initiator>
		<Responder>
			<Role>si-svev:receiver</Role>
		</Responder>
		<Leg type="fore-channel">
			<Protocol>
				<Address chunked="false" connectionTimeout="120000" receiveTimeout="180000">https://193.41.35.99:8443/ebms-sed/ebms?wsdl</Address>
				<TLS trustStorePath="${sed.home}/security/ssl-truststore.jks" trustStorePassword="sed1234" />
				<Proxy port="80" host="proxy.gov.si" />
			</Protocol>
			<BusinessInfo>
				<Service>DeliveryWithReceipt</Service>
				<Action direction="out">Delivery</Action>
				<PayloadProfiles maxSize="10000000" action="Delivery">
					<PayloadProfile name="Content" required="true"/>
				</PayloadProfiles>
				<MPC>http://docs.oasis-open.org/ebxml-msg/ebms/v3.0/ns/core/200704/defaultMPC</MPC>
			</BusinessInfo>
			<Security WSSVersion="1.1">
				<X509>
					<Signature hashFunction="http://www.w3.org/2001/04/xmlenc#sha256" algorithm="http://www.w3.org/2001/04/xmldsig-more#rsa-sha512">
						<Certificate alias="msh.e-box-a.si"/>
						<Sign signAttachments="true" signElements="true" signCertAlias="msh.e-box-a.si">
							<Elements>
								<XPath xpath="env:Body">
									<Namespace prefix="env" namespace="http://www.w3.org/2003/05/soap-envelope"/>
								</XPath>
								<XPath xpath="env:Header/eb3:Messaging">
									<Namespace prefix="eb3" namespace="http://docs.oasis-open.org/ebxml-msg/ebms/v3.0/ns/core/200704/"/>
									<Namespace prefix="env" namespace="http://www.w3.org/2003/05/soap-envelope"/>
								</XPath>
							</Elements>
						</Sign>
					</Signature>
				</X509>
			</Security>
		</Leg>
		<ReceptionAwareness>
			<Retry maxRetries="5" period="2000" multiplyPeriod="3"/>
			<DuplicateDetection windowPeriode="P1Y"/>
		</ReceptionAwareness>
	</PMode>
	<PMode id="DeliveryWithReceipt:sed-court.si:sed-court.si" isTemplate="false">
		<Agreement>BankaKoper:00001</Agreement>
		<MEP>http://docs.oasis-open.org/ebxml-msg/ebms/v3.0/ns/core/200704/oneWay</MEP>
		<MEPbinding>http://docs.oasis-open.org/ebxml-msg/ebms/v3.0/ns/core/200704/push</MEPbinding>
		<Initiator>
			<Role>si-svev:sender</Role>
		</Initiator>
		<Responder>
			<Role>si-svev:receiver</Role>
		</Responder>
		<Leg type="fore-channel">
			<Protocol>
				<Address chunked="false" connectionTimeout="120000" receiveTimeout="180000">http://localhost:8080/ebms-sed/ebms?wsdl</Address>
			</Protocol>
			<BusinessInfo>
				<Service>DeliveryWithReceipt</Service>
				<Action direction="out">Delivery</Action>
				<PayloadProfiles maxSize="10000000" action="Delivery">
					<PayloadProfile name="Content" required="true"/>
				</PayloadProfiles>
				<MPC>http://docs.oasis-open.org/ebxml-msg/ebms/v3.0/ns/core/200704/defaultMPC</MPC>
			</BusinessInfo>
			<Security WSSVersion="1.1">
				<X509>
					<Signature hashFunction="http://www.w3.org/2001/04/xmlenc#sha256" algorithm="http://www.w3.org/2001/04/xmldsig-more#rsa-sha512">
						<Certificate alias="msh.e-box-a.si"/>
						<Sign signAttachments="true" signElements="true" signCertAlias="msh.e-box-a.si">
							<Elements>
								<XPath xpath="env:Body">
									<Namespace prefix="env" namespace="http://www.w3.org/2003/05/soap-envelope"/>
								</XPath>
								<XPath xpath="env:Header/eb3:Messaging">
									<Namespace prefix="eb3" namespace="http://docs.oasis-open.org/ebxml-msg/ebms/v3.0/ns/core/200704/"/>
									<Namespace prefix="env" namespace="http://www.w3.org/2003/05/soap-envelope"/>
								</XPath>
							</Elements>
						</Sign>
					</Signature>
				</X509>
			</Security>
		</Leg>
		<ReceptionAwareness>
			<Retry maxRetries="5" period="2000" multiplyPeriod="3"/>
			<DuplicateDetection windowPeriode="P1Y"/>
		</ReceptionAwareness>
	</PMode>
	<PMode id="LegalDelivery_ZPP:sed-court.si:sed-court.si" isTemplate="false">
		<Agreement>BankaKoper:00002</Agreement>
		<MEP>http://docs.oasis-open.org/ebxml-msg/ebms/v3.0/ns/core/200704/oneWay</MEP>
		<MEPbinding>http://docs.oasis-open.org/ebxml-msg/ebms/v3.0/ns/core/200704/push</MEPbinding>
		<Initiator>
			<Role>si-svev:sender</Role>
		</Initiator>
		<Responder>
			<Role>si-svev:receiver</Role>
		</Responder>
		<Leg type="fore-channel">
			<Protocol>
				<Address chunked="false" connectionTimeout="120000" receiveTimeout="180000">http://localhost:8080/ebms-sed/ebms?wsdl</Address>
			</Protocol>
			<BusinessInfo>
				<Service outPlugin="java:global/plugin-zpp/ZPPOutInterceptor!si.sed.commons.interfaces.SoapInterceptorInterface" 
                                          inPlugin="java:global/plugin-zpp/ZPPInInterceptor!si.sed.commons.interfaces.SoapInterceptorInterface">LegalDelivery_ZPP</Service>
				<Action direction="out">DeliveryNotification</Action>
				<Action direction="out" after="DeliveryNotification">FictionNotification</Action>
				<Action direction="in" after="DeliveryNotification">AdviceOfDelivery</Action>
				<PayloadProfiles maxSize="10000000" action="DeliveryNotification">
					<PayloadProfile MIME="application/pdf" name="DeliveryNotification" required="true"/>
					<PayloadProfile name="Content" required="true"/>
				</PayloadProfiles>
				<PayloadProfiles maxSize="10000000" action="AdviceOfDelivery">
					<PayloadProfile MIME="application/pdf" name="AdviceOfDelivery" required="true"/>
				</PayloadProfiles>
				<PayloadProfiles maxSize="10000000" action="FictionNotification">
					<PayloadProfile MIME="application/pdf" name="FictionNotification" required="true"/>
				</PayloadProfiles>
				<MPC>http://docs.oasis-open.org/ebxml-msg/ebms/v3.0/ns/core/200704/defaultMPC</MPC>
			</BusinessInfo>
			<Security WSSVersion="1.1">
				<X509>
					<Signature hashFunction="http://www.w3.org/2001/04/xmlenc#sha256" algorithm="http://www.w3.org/2001/04/xmldsig-more#rsa-sha512">
						<Certificate alias="msh.e-box-a.si"/>
						<Sign signAttachments="true" signElements="true" signCertAlias="msh.e-box-a.si">
							<Elements>
								<XPath xpath="env:Body">
									<Namespace prefix="env" namespace="http://www.w3.org/2003/05/soap-envelope"/>
								</XPath>
								<XPath xpath="env:Header/eb3:Messaging">
									<Namespace prefix="eb3" namespace="http://docs.oasis-open.org/ebxml-msg/ebms/v3.0/ns/core/200704/"/>
									<Namespace prefix="env" namespace="http://www.w3.org/2003/05/soap-envelope"/>
								</XPath>
							</Elements>
						</Sign>
					</Signature>
				</X509>
			</Security>
		</Leg>
		<ReceptionAwareness>
			<Retry maxRetries="5" period="2000" multiplyPeriod="3"/>
			<DuplicateDetection windowPeriode="P1Y"/>
		</ReceptionAwareness>
	</PMode>
	<PMode id="LegalDelivery_ZPP:sed-bk.si:sed-court.si" isTemplate="false">
		<Agreement>BankaKoper:VrhovnoSodisce:00002</Agreement>
		<MEP>http://docs.oasis-open.org/ebxml-msg/ebms/v3.0/ns/core/200704/oneWay</MEP>
		<MEPbinding>http://docs.oasis-open.org/ebxml-msg/ebms/v3.0/ns/core/200704/push</MEPbinding>
		<Initiator>
			<Role>si-svev:sender</Role>
		</Initiator>
		<Responder>
			<Role>si-svev:receiver</Role>
		</Responder>
		<Leg type="fore-channel">
			<Protocol>
<Address chunked="false" connectionTimeout="120000" receiveTimeout="180000">https://b2g-test.sodisce.si/ebms-sed/ebms?wsdl</Address>
				<TLS trustStorePath="${sed.home}/security/ssl-truststore.jks" trustStorePassword="sed1234" keyStorePath="${sed.home}/security/banka-koper.p12" keyStoreType="PKCS12" keyStorePassword="test1234" keyPassword="test1234"/>
			</Protocol>
			<BusinessInfo>
				<Service outPlugin="ebms-sed-zpp-plugin-1.0.jar!si.jrc.msh.plugin.zpp.ZPPOutInterceptor" inPlugin="ebms-sed-zpp-plugin-1.0.jar!si.jrc.msh.plugin.zpp.ZPPInInterceptor">LegalDelivery_ZPP</Service>
				<Action direction="out">DeliveryNotification</Action>
				<Action direction="out" after="DeliveryNotification">FictionNotification</Action>
				<Action direction="in" after="DeliveryNotification">AdviceOfDelivery</Action>
				<PayloadProfiles maxSize="10000000" action="DeliveryNotification">
					<PayloadProfile MIME="application/pdf" name="DeliveryNotification" required="true"/>
					<PayloadProfile name="Content" required="true"/>
				</PayloadProfiles>
				<PayloadProfiles maxSize="10000000" action="AdviceOfDelivery">
					<PayloadProfile MIME="application/pdf" name="AdviceOfDelivery" required="true"/>
				</PayloadProfiles>
				<PayloadProfiles maxSize="10000000" action="FictionNotification">
					<PayloadProfile MIME="application/pdf" name="FictionNotification" required="true"/>
				</PayloadProfiles>
				<MPC>http://docs.oasis-open.org/ebxml-msg/ebms/v3.0/ns/core/200704/defaultMPC</MPC>
			</BusinessInfo>
			<Security WSSVersion="1.1">
				<X509>
					<Signature hashFunction="http://www.w3.org/2001/04/xmlenc#sha256" algorithm="http://www.w3.org/2001/04/xmldsig-more#rsa-sha512">
						<Certificate alias="msh.e-box-a.si"/>
						<Sign signAttachments="true" signElements="true" signCertAlias="msh.e-box-a.si">
							<Elements>
								<XPath xpath="env:Body">
									<Namespace prefix="env" namespace="http://www.w3.org/2003/05/soap-envelope"/>
								</XPath>
								<XPath xpath="env:Header/eb3:Messaging">
									<Namespace prefix="eb3" namespace="http://docs.oasis-open.org/ebxml-msg/ebms/v3.0/ns/core/200704/"/>
									<Namespace prefix="env" namespace="http://www.w3.org/2003/05/soap-envelope"/>
								</XPath>
							</Elements>
						</Sign>
					</Signature>
				</X509>
			</Security>
		</Leg>
		<ReceptionAwareness>
			<Retry maxRetries="5" period="2000" multiplyPeriod="3"/>
			<DuplicateDetection windowPeriode="P1Y"/>
		</ReceptionAwareness>
	</PMode>
</PModes>
